TV,Radio,Social Media
16,6.566231,2.907982773
13,9.237765,2.409567204
41,15.886446,2.913410
83,30.020028,6.922303959
15,8.437408,1.40599815
